IP,Domain,Country,Region,City,ISP,ASN,Lat,Long
103.142.87.50,,Hong Kong,,,YISU CLOUD LTD,138152,22.2578,114.1657
103.227.210.199,,India,Maharashtra,Mumbai,SRMAK TECHNOLOGICAL SYSTEM PRIVATE LIMITED,151106,19.0748,72.8856
104.210.220.129,,United States,Texas,San Antonio,MICROSOFT-CORP-MSN-AS-BLOCK,8075,29.4227,-98.4927
116.228.169.194,,China,Shanghai,Shanghai,China Telecom Group,4812,31.2222,121.4581
120.133.88.0,,China,,,"IDC, China Telecommunications Corporation",23724,34.7732,113.722
121.146.41.34,,South Korea,Ulsan,Jung-gu,Korea Telecom,4766,35.572,129.3302
141.95.82.247,ip247.ip-141-95-82.eu,France,,,OVH SAS,16276,48.8582,2.3387
141.95.82.248,ip248.ip-141-95-82.eu,France,,,OVH SAS,16276,48.8582,2.3387
141.98.83.170,,Panama,,,Flyservers S.A.,209588,9.0053,-79.9988
144.217.111.52,ip52.ip-144-217-111.net,Canada,Quebec,Beauharnois,OVH SAS,16276,45.322,-73.8741
157.55.138.57,,United States,Illinois,Chicago,MICROSOFT-CORP-MSN-AS-BLOCK,8075,41.8874,-87.6318
159.242.234.232,,Germany,Hesse,Frankfurt am Main,AVAST Software s.r.o.,198605,50.1187,8.6842
160.179.55.145,,Morocco,Casablanca,Casablanca,MT-MPLS,36903,33.5792,-7.6133
162.210.245.77,,United States,Virginia,Ashburn,SNEAKER-SERVER,397651,39.0469,-77.4903
177.34.6.189,b12206bd.virtua.com.br,Brazil,Mato Grosso do Sul,Campo Grande,Claro NXT Telecomunicacoes Ltda,28573,-20.4428,-54.6464
177.4.107.235,177-4-107-235.user3p.v-tal.net.br,Brazil,Paraná,Pinhais,V tal,8167,-25.4235,-49.1558
179.0.57.108,179-0-57-108.zentelecom.com.br,Brazil,Santa Catarina,Florianópolis,ZEN INTERNET E TELECOMUNICACAO EIRELI,271498,-27.6147,-48.4976
181.177.12.111,181-177-12-111.fiberway.com.ar,Argentina,Jujuy,San Salvador de Jujuy,TELESISTEMA S.R.L.,264642,-24.1894,-65.2978
185.170.144.185,,Estonia,,,Xhost Internet Solutions Lp,197414,58.9998,25.9856
186.75.215.94,,Panama,Provincia de Panamá,Panama City,Cable & Wireless Panama,11556,8.9948,-79.523
189.112.15.18,189-112-015-018.static.ctbctelecom.com.br,Brazil,Rio de Janeiro,Rio de Janeiro,ALGAR TELECOM SA,16735,-22.9201,-43.0811
193.122.94.68,,Saudi Arabia,Eastern Province,,ORACLE-BMC-31898,31898,26.4336,50.1116
194.180.49.161,,Bulgaria,,,MEVSPACE sp. z o.o.,201814,42.696,23.332
20.235.247.188,,India,Maharashtra,Pune,MICROSOFT-CORP-MSN-AS-BLOCK,8075,18.6161,73.7286
203.189.135.33,mydsl-135-33.online.com.kh,Cambodia,Phnom Penh,Phnom Penh,"Cogetel Online, Cambodia, ISP",23673,11.5583,104.9121
206.189.208.53,prod-beryllium-sfo2-51.do.binaryedge.ninja,United States,California,Santa Clara,DIGITALOCEAN-ASN,14061,37.3417,-121.9753
218.24.151.212,,China,Liaoning,Shenyang,CHINA UNICOM China169 Backbone,4837,41.7806,123.4314
218.90.122.42,,China,Shanghai,Shanghai,Chinanet,4134,31.2222,121.4581
31.43.185.66,,Ukraine,,,FOP Dmytro Nedilskyi,211736,50.4522,30.5287
36.134.25.206,,China,,,"China Mobile Communications Group Co., Ltd.",9808,34.7732,113.722
79.124.56.98,marathon.witud.us,Bulgaria,,,Tamatiya EOOD,50360,42.696,23.332
87.251.75.64,,Russia,,,Xhost Internet Solutions Lp,208091,55.7386,37.6068
92.255.57.161,,Hong Kong,,,Chang Way Technologies Co. Limited,207566,22.2578,114.1657
94.102.49.171,no-reverse-dns-configured.com,The Netherlands,North Holland,Amsterdam,IP Volume inc,202425,52.3759,4.8975
94.232.42.99,,Russia,Perm Krai,Perm,Xhost Internet Solutions Lp,208091,58.0041,56.2397
94.76.207.192,94-76-207-192.static.as29550.net,United Kingdom,,,Simply Transit Ltd,29550,51.4964,-0.1224
